author_id	Type	Lang	Stance
8508262	Private individuals	fr	For
3297659759	Advocacy actors	es	For
1351436889316683778	Journalistic actors	en	For
259352661	Advocacy actors	en	For
17158610	Advocacy actors	en	For
23033425	Advocacy actors	en	Unclear
955903212	Advocacy actors	en	For
2482232082	Political actors	es	Unclear
854703259776409600	Advocacy actors	en	For
832970418	Advocacy actors	en	For
915990619603869696	Advocacy actors	en	For
771238809912520704	Advocacy actors	de	For
3119820711	Advocacy actors	en	For
1497787496	Advocacy actors	en	For
1447525740421976071	Advocacy actors	en	For
37271053	Advocacy actors	en	Against
1453753755321708547	Private individuals	N/A	Unclear
1517801801864593409	Unclear	ar	Unclear
401371394	Political actors	es	Unclear
1031506566355341312	Private individuals	pl	Against
2823973398	Private individuals	en	Unclear
77254498	Private individuals	en	For
2898075617	Advocacy actors	it	Unclear
972177106699472896	Private individuals	en	Unclear
1123591446160973825	Scientific actors	es	For
478556898	Private individuals	es	Unclear
2704725908	Advocacy actors	pt	For
4696381484	Journalistic actors	fr	For
2374469136	Private individuals	fr	Unclear
1198920176072298496	Private individuals	en	Unclear
2803368067	Unclear	ja	Unclear
1369576148540157954	Unclear	N/A	Unclear
49155241	Private individuals	en	For
819312344543166465	Business actors	en	For
3971883682	Advocacy actors	en	For
1423477933402849282	Advocacy actors	en	For
2649991	Journalistic actors	fr	Unclear
910160900497297408	Advocacy actors	en	For
14266598	Advocacy actors	en	For
2518143973	Advocacy actors	en	For
569880272	Advocacy actors	es	For
1161326804759531520	Advocacy actors	en	For
1426970262	Private individuals	ne	Unclear
4502695341	Political actors	de	Unclear
752785900078235648	Advocacy actors	en	For
256572677	Business actors	de	Unclear
1593463831	Unclear	de	Unclear
718159641721630721	Business actors	fr	For
3026289274	Private individuals	fr	For
173972286	Business actors	es	For
881933605	Advocacy actors	es	Unclear
3232924232	Political actors	en	Unclear
3373831665	Unclear	N/A	Unclear
108648075	Advocacy actors	en	For
2749145822	Advocacy actors	en	For
156322365	Advocacy actors	en	For
250849122	Advocacy actors	en	For
44136279	Advocacy actors	fr	For
4264616105	Unclear	N/A	Unclear
1270435562	Journalistic actors	fr	Unclear
127296681	Private individuals	en	For
927076961503076352	Political actors	en	Unclear
274652076	Business actors	en	For
172161666	Business actors	en	For
2218044840	Advocacy actors	en	For
18173885	Political actors	fr	For
85705081	Advocacy actors	es	For
358393963	Private individuals	en	For
881504516260196352	Advocacy actors	en	For
281585895	Political actors	es	Unclear
165859690	Business actors	es	Unclear
205452278	Business actors	es	Unclear
991732872003366912	Advocacy actors	en	For
783726610621075456	Political actors	fr	Unclear
2784989480	Journalistic actors	en	Unclear
1440363351087804425	Political actors	en	Unclear
9.27816E+17	Advocacy actors	N/A	Unclear
96735431	Business actors	en	Unclear
292403049	Political actors	en	For
140897183	Political actors	fr	Unclear
338985020	Journalistic actors	fr	Unclear
851108442	Journalistic actors	es	Unclear
807024728	Journalistic actors	fr	Unclear
1001098842031435777	Political actors	es	For
987388022	Advocacy actors	es	Unclear
1165981904	Private individuals	en	For
1472895285835804676	Scientific actors	en	For
288381237	Advocacy actors	es	For
90403900	Private individuals	en	For
2778865153	Political actors	es	For
54235025	Journalistic actors	pt	Unclear
143531181	Unclear	ar	Unclear
725609319132180480	Private individuals	en	Unclear
946507549	Unclear	fr	Unclear
951952759	Business actors	de	Unclear
1120675119171612672	Private individuals	en	For
334665191	Advocacy actors	en	For
250671924	Political actors	en	Unclear
4227280090	Unclear	N/A	Unclear
255696861	Advocacy actors	fr	For
2766254733	Political actors	sv	For
1134919015	Advocacy actors	en	For
1232009100147462145	Journalistic actors	en	Unclear
8928312	Private individuals	en	For
54206317	Advocacy actors	es	For
162427574	Advocacy actors	en	For
3322939666	Advocacy actors	en	For
16683014	Journalistic actors	en	Unclear
932989440934514688	Advocacy actors	fr	For
827840077313171456	Advocacy actors	en	For
353595458	Advocacy actors	en	For
2203620271	Business actors	fr	For
1100696023528292354	Business actors	es	Unclear
1138441600714072065	Unclear	ar	Unclear
1731554581	Political actors	en	Unclear
1580634706764259330	Journalistic actors	ar	Unclear
96551139	Private individuals	en	Unclear
2251689488	Advocacy actors	fr	For
2425339574	Advocacy actors	fr	For
918066670677176321	Advocacy actors	ar	For
966072709401759744	Private individuals	es	For
4527007888	Private individuals	ro	For
20752106	Private individuals	en	For
862596532025143296	Political actors	en	Unclear
141542605	Journalistic actors	en	For
135575035	Journalistic actors	en	Unclear
22971125	Advocacy actors	en	For
1259756978	Advocacy actors	es	For
4209799517	Unclear	N/A	Unclear
872132381343457280	Advocacy actors	en	For
242414253	Advocacy actors	es	For
74198943	Advocacy actors	es	For
604225831	Advocacy actors	en	For
615618242	Advocacy actors	es	For
117964082	Unclear	ja	Unclear
775175696645623808	Advocacy actors	en	For
1412535831856914432	Scientific actors	en	For
389983752	Advocacy actors	en	For
4209726562	Unclear	N/A	Unclear
14676835	Advocacy actors	en	For
37492509	Journalistic actors	en	For
79698751	Private individuals	en	For
446509968	Private individuals	en	Unclear
1411427603018362883	Business actors	en	Unclear
4242056133	Unclear	N/A	Unclear
3100015590	Political actors	en	For
264733420	Private individuals	en	Unclear
1303889324	Advocacy actors	en	For
1669429382	Private individuals	en	Unclear
1588989829	Scientific actors	en	For
26073581	Advocacy actors	fr	Unclear
78572595	Private individuals	fr	Unclear
47163763	Advocacy actors	en	For
462985721	Scientific actors	en	For
525072120	Private individuals	en	For
710680632557350912	Advocacy actors	en	For
3835512381	Advocacy actors	fr	For
966216336	Unclear	ar	Unclear
2978608072	Advocacy actors	en	For
2457829458	Business actors	fr	For
723590002437939200	Journalistic actors	en	Unclear
724342578095624192	Unclear	N/A	Unclear
2326292574	Business actors	en	Unclear
204206473	Advocacy actors	en	For
69172612	Journalistic actors	en	Unclear
286801383	Journalistic actors	es	Unclear
712795537590861832	Unclear	N/A	Unclear
3067429776	Private individuals	en	For
3739495595	Journalistic actors	de	Unclear
83599218	Political actors	fr	Unclear
50611261	Business actors	en	Unclear
4209631911	Unclear	N/A	Unclear
4226673219	Unclear	N/A	Unclear
467153115	Advocacy actors	en	Unclear
3096910072	Unclear	ar	Unclear
1572571628780900352	Unclear	ar	Unclear
68911475	Business actors	en	Unclear
3343044473	Business actors	en	Unclear
536177285	Business actors	en	Unclear
237244779	Private individuals	en	For
785281724125212673	Business actors	en	Unclear
992552080639430656	Unclear	N/A	Unclear
401775393	Private individuals	en	For
516413934	Advocacy actors	fr	For
2510820704	Advocacy actors	en	For
716606140637978624	Advocacy actors	es	For
50257070	Business actors	en	For
19491190	Advocacy actors	fr	For
434246933	Business actors	fr	Unclear
4209011170	Unclear	N/A	Unclear
3978680777	Journalistic actors	fr	Unclear
726538858985345024	Unclear	ar	Unclear
946643038704689152	Scientific actors	pl	Unclear
939914799131058176	Political actors	en	Unclear
18510558	Business actors	es	Unclear
174361486	Business actors	es	Unclear
2775374745	Advocacy actors	en	For
222642262	Business actors	fr	Unclear
148852389	Business actors	fr	Unclear
524474062	Political actors	de	For
3055860526	Journalistic actors	pl	Unclear
4339015883	Journalistic actors	en	Unclear
16808626	Business actors	es	For
151425419	Business actors	es	Unclear
42982767	Political actors	en	Unclear
312698496	Business actors	en	For
1417393600019718145	Business actors	en	For
4210399522	Unclear	N/A	Unclear
2228520805	Advocacy actors	en	For
737753101311082496	Advocacy actors	en	For
1904342161	Journalistic actors	en	Unclear
3016467289	Private individuals	en	Unclear
4210755455	Unclear	N/A	Unclear
9.60882E+17	Private individuals	de	Unclear
126628622	Advocacy actors	en	For
21051656	Advocacy actors	en	For
269858714	Advocacy actors	en	For
133663801	Journalistic actors	fr	Unclear
66968296	Unclear	tr	Unclear
1199827990361858048	Business actors	es	For
2238293025	Business actors	en	Unclear
739062054754111490	Scientific actors	en	Unclear
755252174	Advocacy actors	en	For
57043553	Advocacy actors	en	For
4210065664	Unclear	N/A	Unclear
861924584697757697	Business actors	en	Unclear
1528501964	Business actors	pl	Unclear
2152150705	Advocacy actors	en	For
2273599211	Unclear	N/A	Unclear
783719151684685824	Journalistic actors	en	For
237417499	Journalistic actors	en	Unclear
252751061	Journalistic actors	en	Unclear
3240285742	Advocacy actors	en	For
27955989	Business actors	fr	Unclear
32140995	Journalistic actors	en	For
2843451077	Private individuals	en	Unclear
170354845	Journalistic actors	en	For
554967159	Business actors	fr	For
1456501764	Unclear	N/A	Unclear
176470818	Private individuals	en	Unclear
501801749	Advocacy actors	en	Unclear
539095500	Political actors	de	Unclear
851393903550922752	Advocacy actors	en	For
968776251983966209	Advocacy actors	en	For
902832019947884544	Advocacy actors	en	Unclear
122662012	Advocacy actors	en	Unclear
229045433	Advocacy actors	pt	For
251965841	Political actors	en	Unclear
112364289	Political actors	en	Unclear
24841658	Political actors	en	Unclear
188645481	Political actors	en	Unclear
222110806	Political actors	en	Unclear
304146825	Political actors	en	Unclear
1534021543	Political actors	en	Unclear
21793505	Advocacy actors	en	For
102325445	Political actors	en	Unclear
105614452	Private individuals	nl	Unclear
188736341	Advocacy actors	en	Unclear
1924574154	Unclear	N/A	Unclear
131401034	Journalistic actors	en	For
1163190717944143874	Political actors	es	Unclear
1468618382115500032	Advocacy actors	en	For
18585097	Advocacy actors	de	For
343890284	Political actors	de	Unclear
84279399	Political actors	de	Unclear
164620984	Political actors	de	Unclear
41146281	Advocacy actors	de	For
17273355	Advocacy actors	en	For
1143192461516447746	Business actors	en	For
9294762	Journalistic actors	en	Unclear
3008051701	Business actors	en	For
915487163751571457	Advocacy actors	en	For
185043343	Political actors	en	For
612791811	Business actors	es	For
18216250	Advocacy actors	en	For
203102535	Advocacy actors	en	Unclear
967737704950697984	Advocacy actors	en	For
267310512	Business actors	es	Unclear
1037004584160559104	Advocacy actors	es	For
154836286	Advocacy actors	es	For
1171683450862149632	Advocacy actors	en	For
28580099	Journalistic actors	en	Unclear
2595384162	Political actors	en	For
130963864	Private individuals	fr	Unclear
373825681	Private individuals	fr	Unclear
923479872797839361	Advocacy actors	es	For
38407430	Advocacy actors	en	For
1514220446	Advocacy actors	es	For
17410863	Journalistic actors	en	For
200244473	Advocacy actors	en	Unclear
210148155	Political actors	es	Unclear
92731878	Journalistic actors	en	Unclear
3221515144	Journalistic actors	en	Unclear
1429480934735192073	Private individuals	id	Unclear
223416400	Journalistic actors	en	For
369338525	Business actors	en	For
39287327	Business actors	en	For
329628561	Business actors	en	For
2326603459	Advocacy actors	en	For
217079744	Advocacy actors	en	For
2383377800	Advocacy actors	fr	For
1001455291253362688	Business actors	en	For
727316106843574272	Political actors	en	For
47743865	Journalistic actors	en	For
1120035542845018112	Political actors	es	Unclear
151090798	Unclear	N/A	Unclear
780876863493185536	Private individuals	en	For
580035232	Business actors	en	Unclear
3040782922	Journalistic actors	en	For
2381085919	Scientific actors		Unclear
140252240	Political actors	en	For
327722701	Journalistic actors	ar	Unclear
710064047333494784	Journalistic actors	ar	Unclear
1369823540	Unclear	ar	Unclear
40010267	Business actors	en	Unclear
59166945	Political actors	es	Unclear
35717480	Advocacy actors	fr	Unclear
2340347311	Advocacy actors	en	For
43078165	Scientific actors	en	For
261026506	Political actors	es	For
48606120	Advocacy actors	pt	For
318944474	Advocacy actors	en	For
119718192	Advocacy actors	es	Unclear
310996905	Scientific actors	en	Unclear
484013613	Advocacy actors	fr	For
192842634	Scientific actors	en	For
1404071707296534537	Journalistic actors	en	Unclear
3016721947	Political actors	es	Unclear
2815403688	Journalistic actors	es	For
299710707	Scientific actors	es	For
1244721482	Scientific actors	es	For
38483313	Advocacy actors	en	For
321320237	Scientific actors	fr	For
343267635	Advocacy actors	en	For
57341938	Advocacy actors	en	For
832607371214123008	Scientific actors	en	Unclear
1527716034	Political actors	en	Unclear
619855057	Journalistic actors	en	Unclear
814819352662790145	Journalistic actors	en	Unclear
395247165	Journalistic actors	en	Unclear
3881970556	Private individuals	en	For
2922962571	Advocacy actors	en	Unclear
4332050602	Political actors	en	Unclear
822382	Private individuals	en	Unclear
235689077	Advocacy actors	cy	Unclear
1372707342	Advocacy actors	en	For
243236419	Private individuals	en	For
572290556	Political actors	en	Unclear
21107159	Advocacy actors	en	Unclear
1587437663761698818	Advocacy actors	en	Against
92027622	Advocacy actors	en	For
243550389	Advocacy actors	fr	For
231274511	Advocacy actors	es	For
38498866	Scientific actors	en	Unclear
2301581508	Scientific actors	fr	Unclear
132468437	Unclear	en	Unclear
20212944	Scientific actors	en	Unclear
2742829706	Advocacy actors	en	
1072061811560775680	Advocacy actors	en	
524161662	Advocacy actors	fr	
123231225	Advocacy actors	en	For
1064031036	Bots	en	Unclear
21205898	Advocacy actors	en	For
48360629	Advocacy actors	en	Against
4210591839	Unclear	N/A	Unclear
343519539	Private individuals	en	Unclear
57443624	Private individuals	es	Unclear
380399735	Business actors	en	For
2689749997	Journalistic actors	en	For
2545855531	Business actors	en	For
4256820022	Advocacy actors	en	For
1454224044279181312	Advocacy actors	en	For
165232385	Unclear	N/A	Unclear
74715478	Journalistic actors	pt	For
1671813086	Journalistic actors	en	For
1280460380741959685	Advocacy actors	en	For
1364417028	Advocacy actors	en	For
46084578	Advocacy actors	en	For
1354832837032210437	Advocacy actors	en	For
76849994	Advocacy actors	en	For
1910564407	Advocacy actors	en	For
3350493279	Advocacy actors	en	For
176461575	Advocacy actors	en	For
2913017872	Political actors	en	For
561070834	Advocacy actors	en	For
15463610	Advocacy actors	en	For
704343854439387138	Advocacy actors	fr	For
2152614386	Advocacy actors	en	For
1449832249306800136	Journalistic actors	en	For
3886728132	Political actors	en	For
922883678254006272	Advocacy actors	en	For
1338728173442363392	Advocacy actors	en	For
2478779029	Advocacy actors	en	For
21866534	Advocacy actors	en	For
1388850254	Advocacy actors	en	For
43092107	Journalistic actors	en	For
1062380405716905985	Journalistic actors	en	For
906434047	Advocacy actors	en	For
1491083406	Advocacy actors	en	For
1265996456600776704	Advocacy actors	en	For
783768446970564609	Advocacy actors	en	For
3332466617	Business actors	en	For
3834939257	Journalistic actors	en	For
456864723	Advocacy actors	en	For
887651757807071232	Advocacy actors	en	For
256754327	Political actors	en	For
16958346	Advocacy actors	en	For
189145352	Advocacy actors	en	For
318677850	Advocacy actors	en	For
39961555	Advocacy actors	en	For
217478823	Advocacy actors	en	For
3017730064	Political actors	es	For
87420519	Advocacy actors	en	For
350250168	Advocacy actors	en	For
1006218078970175489	Advocacy actors	fr	For
375858149	Advocacy actors	fr	For
1324999118	Advocacy actors	en	For
1050695448237928449	Journalistic actors	es	For
934781545	Advocacy actors	es	Unclear
3219950389	Unclear	es	Unclear
619133125	Business actors	en	Unclear
707550615174565888	Unclear	N/A	Unclear
18396319	Journalistic actors	fr	Unclear
18248645	Journalistic actors	es	Unclear
1015435731949400065	Advocacy actors	en	For
1121017851492462592	Advocacy actors	en	Unclear
333992172	Advocacy actors	es	Unclear
61825915	Advocacy actors	en	Unclear
1042353234	Advocacy actors	es	For
882598932	Business actors	es	For
131612257	Journalistic actors	ca	Unclear
354678217	Advocacy actors	es	Unclear
1591198093	Business actors	en	Unclear
243546162	Advocacy actors	it	Unclear
964107452	Advocacy actors	en	For
422355017	Advocacy actors	en	
327325722	Advocacy actors	es	For
340286285	Advocacy actors	fr	For
484872080	Political actors	fr	Unclear
1301451587685097475	Business actors	en	Unclear
1285674087415795712	Advocacy actors	en	For
22318999	Journalistic actors	es	For
1200374272142848000	Advocacy actors	en	For
112990334	Unclear	es	For
1069539729320873984	Advocacy actors	en	For
339754094	Advocacy actors	en	For
790571598399021056	Political actors	fr	Unclear
19940791	Business actors	en	For
537041978	Business actors	fr	For
3061908309	Business actors	en	For
270437243	Private individuals	N/A	Unclear
89711639	Advocacy actors	en	For
15762575	Journalistic actors	en	Unclear
1829643775	Journalistic actors	fr	Unclear
7668952	Journalistic actors	es	Unclear
108645834	Advocacy actors	fr	Unclear
1565014145929515009	Political actors	en	Unclear
2617471956	Political actors	fr	Unclear
2931842704	Political actors	fr	Unclear
4010449719	Political actors	en	Unclear
717994058111655936	Political actors	en	Unclear
829709881041117185	Political actors	en	Unclear
805688517150081024	Political actors	en	Unclear
1069508984430886912	Unclear	en	Unclear
1195025771368239106	Political actors	en	Unclear
1498985846078377985	Political actors	en	Unclear
1580161874515181573	Political actors	en	Unclear
1428642457047162883	Political actors	en	For
3346529644	Scientific actors	en	Unclear
858718512	Advocacy actors	en	For
212172616	Business actors	en	
116332899	Journalistic actors	es	Unclear
87917306	Journalistic actors	es	Unclear
1499031979	Advocacy actors	es	For
146793462	Political actors	en	Unclear
1574190442710765568	Political actors	en	Unclear
3072230036	Business actors	en	For
104728023	Scientific actors	en	For
2256962239	Advocacy actors	fr	For
333315836	Business actors	en	Unclear
50317742	Advocacy actors	es	Unclear
883947126623006725	Advocacy actors	en	For
267708331	Advocacy actors	es	Unclear
344831740	Unclear	en	For
80338450	Advocacy actors	en	Unclear
1187071814	Private individuals	fr	Unclear
1153953918436745216	Private individuals	en	Unclear
906638953	Political actors	cy	Unclear
3475935613	Private individuals	en	Unclear
407938437	Private individuals	en	
4849821129	Political actors	en	Unclear
17895820	Journalistic actors	en	Unclear
35428478	Journalistic actors	en	Unclear
1189203597990469633	Political actors	en	Unclear
16593287	Private individuals	en	Unclear
1350343548	Business actors	en	
1437666302018166786	Advocacy actors	de	Unclear
95291408	Business actors	en	For
22024375	Advocacy actors	en	For
2790857133	Political actors	es	For
782854703235342336	Private individuals	fr	Unclear
854328081837940737	Business actors	en	For
3398724328	Scientific actors	en	For
2256295896	Business actors	en	Unclear
150316814	Business actors	fr	Unclear
12340052	Private individuals	fr	Unclear
3350251817	Scientific actors	en	For
15778112	Private individuals	fr	Unclear
78533960	Advocacy actors	en	For
1122931228108308480	Business actors	en	Unclear
254119833	Advocacy actors	en	For
16935292	Journalistic actors	en	Unclear
45205091	Business actors	en	Unclear
2620095853	Journalistic actors	en	For
50101725	Journalistic actors	en	Unclear
755071047095902208	Advocacy actors	en	For
562150479	Political actors	de	Unclear
128917051	Private individuals	en	For
63805938	Business actors	es	Unclear
3069699576	Unclear	N/A	Unclear
244013273	Journalistic actors	fr	Unclear
164426316	Political actors	es	Unclear
1164966410206007297	Political actors	es	Unclear
741643681703337984	Private individuals	en	Unclear
3024521000	Advocacy actors	en	Unclear
815626754765258753	Journalistic actors	ar	Unclear
2892185050	Advocacy actors	en	Unclear
482133423	Advocacy actors	en	For
983249724290621440	Advocacy actors	en	For
819555333727277056	Private individuals	en	Unclear
2348079512	Journalistic actors	pl	Unclear
179459971	Journalistic actors	en	Unclear
197352549	Journalistic actors	en	Unclear
391932594	Scientific actors	en	For
292756958	Advocacy actors	en	For
77732185	Political actors	en	Unclear
882330443080531968	Scientific actors	en	For
827474748217106432	Scientific actors	en	For
1284932010625114112	Unclear	N/A	Unclear
1880558749	Advocacy actors	en	For
910258370589843456	Scientific actors	en	Unclear
52205435	Business actors	en	For
717976163033845760	Private individuals	en	For
99674560	Business actors	en	Unclear
97589791	Political actors	en	For
966804380019240967	Business actors	en	Unclear
3230368347	Unclear	N/A	Unclear
2294239836	Advocacy actors	en	Unclear
1418485201999568899	Business actors	en	
547068273	Advocacy actors	es	For
769929494052409344	Unclear	N/A	Unclear
6027992	Journalistic actors	de	Unclear
6135622	Journalistic actors	es	Unclear
264200572	Journalistic actors	no	Unclear
150581612	Journalistic actors	id	Unclear
6134882	Journalistic actors	en	Unclear
61020403	Journalistic actors	de	Unclear
6135542	Journalistic actors	ar	Unclear
49979793	Journalistic actors	bn	Unclear
205193523	Advocacy actors	en	For
112935232	Advocacy actors	id	For
74903828	Journalistic actors	en	Unclear
131079801	Journalistic actors	en	Unclear
23643572	Advocacy actors	en	Unclear
1037258735582883840	Business actors	en	For
56392389	Political actors	en	Unclear
329666643	Political actors	en	Unclear
260795359	Journalistic actors	en	Unclear
29213506	Advocacy actors	en	For
2479789014	Advocacy actors	en	For
849333589485420549	Private individuals	es	For
709183815	Advocacy actors	en	For
36865698	Advocacy actors	fr	For
3366144436	Unclear	es	For
31887585	Advocacy actors	en	
24144885	Advocacy actors	es	
2570716842	Advocacy actors	en	For
1009899209930178560	Business actors	es	For
978176486	Advocacy actors	en	For
51806144	Scientific actors	es	For
3560045421	Journalistic actors	fr	Unclear
2976829445	Journalistic actors	es	
206815869	Advocacy actors	es	For
973219022417420290	Journalistic actors	es	For
78361556	Journalistic actors	en	For
324834917	Private individuals	en	Unclear
49622107	Advocacy actors	en	Unclear
3259529347	Scientific actors	en	For
737768120333504512	Business actors	en	For
481136592		en	
808018329877311488	Business actors	en	Unclear
105082141	Journalistic actors	es	Unclear
92631522	Journalistic actors	es	Unclear
110970770	Journalistic actors	es	For
4351567343	Advocacy actors	en	Unclear
2963731179	Political actors	en	Unclear
305587868	Journalistic actors	en	Unclear
1437584321540415489	Scientific actors	ar	Unclear
1051028606154153984	Scientific actors	ar	Unclear
1469270029090922506	Business actors	en	Unclear
1622616427	Business actors	en	Unclear
787300813	Advocacy actors	en	For
798812197312806913	Advocacy actors	en	For
1092858384141955072	Journalistic actors	es	For
465387913	Advocacy actors	es	Unclear
535707261	Journalistic actors	es	Unclear
1080209483668901891	Journalistic actors	en	For
1369039490271023104	Scientific actors	en	For
2338105459	Advocacy actors	fr	For
2315775492	Advocacy actors	en	For
482179923	Unclear	en	For
1207638939277955072	Advocacy actors	en	For
799570890916827136		en	
701304409205174272	Private individuals	id	Unclear
1358256865919070210	Private individuals	N/A	Unclear
208059524	Advocacy actors	fr	For
3232960847	Advocacy actors	de	For
3030714551	Business actors	es	Unclear
125534265	Advocacy actors	en	For
395539880	Advocacy actors	es	For
2784147198	Journalistic actors	es	For
334895511	Advocacy actors	fr	For
17751750	Business actors	en	Unclear
868048122513162240	Business actors	en	For
15585039	Advocacy actors	en	Unclear
3027831759	Scientific actors	en	For
36653615	Advocacy actors	en	For
31409367	Journalistic actors	en	Unclear
802150598548353025	Advocacy actors	en	For
18230846	Journalistic actors	en	For
968080993	Advocacy actors	pt	For
88697269	Business actors	en	For
1264361426	Business actors	es	Unclear
102448827	Political actors	fr	Unclear
4849494053	Political actors	en	Unclear
3350788870	Political actors	en	Unclear
102456961	Political actors	fr	Unclear
217310821	Advocacy actors	fr	For
1105836507380805632	Scientific actors	en	Unclear
923983353430335493	Advocacy actors	en	For
53347647	Political actors	en	Unclear
57322373	Advocacy actors	fr	For
2656738964	Scientific actors	en	For
402997564	Private individuals	it	Unclear
4210362921	Unclear	N/A	Unclear
291176818		en	
3171055057	Scientific actors	en	Unclear
783385480163368960	Political actors	fr	Unclear
38848610	Private individuals	en	For
2895393685	Journalistic actors	en	Unclear
856148305	Advocacy actors	en	For
1313814055	Journalistic actors	en	Unclear
878913818184822788	Advocacy actors	en	Unclear
567272864	Journalistic actors	en	Unclear
963307725789769728	Private individuals	en	Unclear
74720323	Business actors	en	Unclear
141137711	Journalistic actors	en	Unclear
1364156376700882947	Unclear	N/A	Unclear
2173489638	Business actors	fr	Unclear
3239636092	Advocacy actors	en	Unclear
82609758	Political actors	en	Unclear
156711834	Political actors	es	Unclear
146620155	Advocacy actors	en	For
288682158	Political actors	fr	Unclear
859444603	Political actors	en	Unclear
453893556	Scientific actors	en	Unclear
782735808	Political actors	en	Unclear
904724121199812608	Political actors	en	Unclear
4208926539	Unclear	N/A	Unclear
4209705555	Unclear	N/A	Unclear
2343406999	Advocacy actors	en	For
97046115	Advocacy actors	es	Unclear
706844409502031872	Political actors	en	Unclear
2562842695	Political actors	en	Unclear
3337923111	Private individuals	es	Unclear
2812472208	Scientific actors	en	Unclear
1044136110899826688	Business actors	en	Unclear
93223785	Private individuals	so	Unclear
18245391	Business actors	en	Unclear
1349974384115593217	Business actors	ca	Unclear
375749713	Political actors	es	For
2601773473	Business actors	es	For
36624467	Advocacy actors	fr	For
418034459	Advocacy actors	en	For
19649135	Advocacy actors	en	For
21875834	Advocacy actors	en	For
921759169	Advocacy actors	en	For
143472281	Advocacy actors	en	For
76594517	Advocacy actors	es	For
1285549032	Advocacy actors	de	Unclear
1427153215573745664	Advocacy actors	en	For
404066616	Scientific actors	fr	Unclear
2349001748	Scientific actors	fr	For
1199371533900222465	Advocacy actors	en	For
1072056336534462464	Private individuals	en	For
1420384364	Advocacy actors	en	Unclear
763351528476438528	Journalistic actors	en	Unclear
720731182409859072	Private individuals	en	Unclear
29701712	Political actors	fr	Unclear
243128682	Political actors	en	Unclear
34867057	Journalistic actors	fr	Unclear
562168451	Political actors	fr	Unclear
195685046	Journalistic actors	fr	Unclear
419316234	Advocacy actors	it	For
21860097	Political actors	en	For
4241941551	Unclear	N/A	Unclear
92739201	Business actors	fr	Unclear
269294187	Journalistic actors	de	For
508938867	Journalistic actors	fr	Unclear
74508903	Private individuals	fr	Unclear
1250170927	Private individuals	nl	Unclear
1516878544877588480	Private individuals	en	Unclear
3414489131	Advocacy actors	en	Unclear
1170216594414243840	Advocacy actors	en	For
116729780	Advocacy actors	en	For
38625677	Advocacy actors	en	For
880742971	Advocacy actors	en	Unclear
81897028	Advocacy actors	es	Unclear
122025737	Scientific actors	es	Unclear
2777132520	Advocacy actors	es	For
86171168	Advocacy actors	es	Unclear
110681941	Advocacy actors	es	For
36144313	Advocacy actors	es	For
208930420	Advocacy actors	en	For
53996964	Advocacy actors	en	Unclear
28193949	Advocacy actors	en	For
511846566	Business actors	en	Unclear
878054577291055104	Advocacy actors	en	For
2828579059	Journalistic actors	en	Unclear
5464872	Scientific actors	en	For
95375275	Private individuals	en	Unclear
1339166129110065152	Journalistic actors	en	Unclear
22751175	Journalistic actors	de	Unclear
176460155	Scientific actors	en	For
59109416	Advocacy actors	de	Unclear
164662932	Private individuals	en	For
590877236	Journalistic actors	es	Unclear
461619224	Business actors	en	For
500103511	Private individuals	fr	For
24899436	Political actors	fr	Unclear
104623441	Advocacy actors	en	For
468602078	Journalistic actors	en	Unclear
22039274	Business actors	en	For
62842816	Business actors	en	Unclear
1346854659303100421	Advocacy actors	en	Unclear
16416978	Political actors	en	Unclear
917421961	Advocacy actors	en	For
942752327999610880	Advocacy actors	es	For
795539440164892674	Advocacy actors	fr	For
432698909	Advocacy actors	en	For
15531964	Advocacy actors	de	For
1359024248245862402	Private individuals	en	Unclear
1308012103970816000	Advocacy actors	en	Unclear
208149728	Advocacy actors	en	For
879317848526643202	Advocacy actors	en	For
1673573035	Advocacy actors	en	For
3294157876	Political actors	en	For
1447581672082452481	Advocacy actors	en	For
39085195	Business actors	en	For
1042384937708646401	Business actors	en	For
372860400	Business actors	es	For
96750689	Advocacy actors	en	For
48378329	Advocacy actors	en	For
115099953	Political actors	en	Unclear
1332046125659004931	Political actors	en	For
540734980	Scientific actors	en	For
882957937064517632	Advocacy actors	en	For
171314974	Advocacy actors	en	Unclear
126681958	Scientific actors	en	Unclear
917760421209235456	Political actors	en	Unclear
2542132494	Advocacy actors	en	Unclear
2151066475	Political actors	en	For
59490293	Advocacy actors	en	For
1159850958622470144	Journalistic actors	en	For
604673372	Advocacy actors	en	Unclear
2350315591	Political actors	en	For
2831436531	Advocacy actors	en	Unclear
4122207653	Advocacy actors	en	For
2492350526	Unclear	en	For
115343708	Business actors	en	For
3332360097	Business actors	en	Unclear
1399363242	Business actors	es	Unclear
140679003	Private individuals	es	Unclear
4209769822	Unclear	N/A	Unclear
417856150	Scientific actors	en	For
368760126	Private individuals	en	For
2874183033	Advocacy actors	en	For
80656614	Advocacy actors	en	For
2912623005	Business actors	en	For
992729386574143488	Journalistic actors	en	For
281916835	Private individuals	en	For
1885716068	Private individuals	tr	For
117027784	Business actors	en	For
8447362	Advocacy actors	de	For
11162772	Advocacy actors	es	For
4008771	Advocacy actors	fr	For
3459051	Advocacy actors	en	For
365944742	Advocacy actors	pl	For
4012161	Advocacy actors	en	For
1404468916970209280	Business actors	en	Unclear
4504667477	Business actors	en	For
219411441	Private individuals	en	For
7215512	Journalistic actors	en	Unclear
517603913	Advocacy actors	en	Unclear
143536795	Private individuals	pt	Unclear
790767518507995137	Advocacy actors	es	For
75562656	Business actors	en	Unclear
47849164	Business actors	en	Unclear
2260128516	Business actors	en	Unclear
14372104	Business actors	en	For
73800371	Private individuals	en	Unclear
1457073402301267968	Advocacy actors	en	For
2787688669	Advocacy actors	en	For
26471523	Advocacy actors	en	For
594085864	Unclear	N/A	Unclear
1252056096	Unclear	N/A	Unclear
214002944	Advocacy actors	es	For
1038045028646629376	Business actors	fr	For
4289015542	Political actors	en	Unclear
2260713624	Political actors	en	For
2491545752	Advocacy actors	en	For
731205199155597313	Private individuals	en	For
615948765	Political actors	en	Unclear
21389328	Private individuals	en	For
2855717202	Business actors	en	For
89134471	Advocacy actors	en	For
40626159	Journalistic actors	en	Unclear
1170159904969154560	Scientific actors	en	Unclear
575660051		en	Unclear
24677397	Journalistic actors	en	For
303914963	Unclear	N/A	Unclear
4551404241	Unclear	N/A	Unclear
1901628055	Business actors	en	For
776146728512843776	Private individuals	fr	Unclear
2876241370	Business actors	en	Unclear
1715151974	Advocacy actors	en	For
488090653	Business actors	fr	Unclear
76326683	Private individuals	fr	For
400334965	Journalistic actors	N/A	Unclear
3386718903	Advocacy actors	en	Unclear
2304820261	Political actors	en	Unclear
232105724	Advocacy actors	en	For
233871880	Advocacy actors	es	For
1121714821504929792	Unclear	en	Unclear
723971917514964992	Journalistic actors	pt	For
1436827991603044353		pt	Unclear
19386622	Political actors	en	Unclear
74827899	Scientific actors	en	Unclear
636935916	Journalistic actors	es	Unclear
141584822	Journalistic actors	en	Unclear
933983551	Advocacy actors	en	For
64645393	Advocacy actors	en	For
1343645053	Advocacy actors	en	For
507370446	Scientific actors	en	For
2883938465	Business actors	es	Unclear
3373759653	Scientific actors	en	For
584162442	Political actors	en	For
404694683	Political actors	en	For
52296815	Political actors	en	For
424165502	Political actors	es	For
1548953197	Advocacy actors	fr	For
90636107	Journalistic actors	fr	For
3288510261	Scientific actors	en	For
40065170	Scientific actors	fr	Unclear
1384643276	Business actors	fr	For
126599169	Advocacy actors	en	For
150800182	Business actors	en	Unclear
2584158559	Advocacy actors	en	For
254235974	Business actors	en	Unclear
793943367151472640	Advocacy actors	fr	For
3673828275	Advocacy actors	en	Unclear
568369689	Advocacy actors	en	For
200090056	Advocacy actors	en	Unclear
2792425646	Unclear	en	Unclear
2841911627	Advocacy actors	en	Unclear
39719681	Scientific actors	en	For
1482297464	Business actors	en	For
776436314950336512	Advocacy actors	en	For
3747426616	Business actors	pl	Unclear
2589125882	Advocacy actors	en	For
612814722	Journalistic actors	tr	For
79298901	Business actors	es	Unclear
1230882261546958849	Business actors	en	Unclear
624447104	Political actors	en	For
350869622	Advocacy actors	en	Unclear
3606504676	Political actors	en	Unclear
95981793	Advocacy actors	en	For
309767215	Journalistic actors	es	Unclear
516522890	Advocacy actors	en	Unclear
1311104403143905280		en	
1377538237690953729	Business actors	en	Unclear
3068193015	Journalistic actors	es	Unclear
603884167	Journalistic actors	es	Unclear
114920040	Journalistic actors	fr	Unclear
36114903	Journalistic actors	es	Unclear
72516079	Journalistic actors	fr	Unclear
204945530	Journalistic actors	fr	For
4807912517	Journalistic actors	de	Unclear
511395850	Advocacy actors	en	Unclear
256054493	Political actors	es	Unclear
854801445576691713	Political actors	en	For
66998204	Business actors	en	Unclear
3368849687	Journalistic actors	en	Unclear
24969154	Advocacy actors	es	For
106509766	Advocacy actors	es	For
17650854	Journalistic actors	en	Unclear
18509466	Business actors	en	Unclear
754072154375753729	Advocacy actors	en	For
122392913	Business actors	en	Unclear
255676193	Business actors	es	Unclear
84679163	Political actors	en	Unclear
94105842	Advocacy actors	en	Unclear
1678561616	Advocacy actors	en	Unclear
36924745	Business actors	en	Unclear
226281344	Advocacy actors	en	Unclear
313876345	Advocacy actors	en	Unclear
4114747049	Advocacy actors	en	For
1064549856742641666	Advocacy actors	en	For
1285939670032027648	Journalistic actors	en	Unclear
2785280481	Advocacy actors	en	For
209143649	Advocacy actors	en	Unclear
192942213	Political actors	en	For
297289528	Political actors	en	Unclear
55223975	Advocacy actors	fr	Unclear
430716517	Advocacy actors	en	Unclear
522157793	Political actors	en	For
179149133	Scientific actors	fr	For
1926360631	Business actors	en	For
3081648520	Advocacy actors	en	For
2721977241	Advocacy actors	es	For
19900932	Private individuals	en	Unclear
2574142189	Business actors	en	Unclear
2823437149	Advocacy actors	en	Unclear
2994182422	Business actors	en	For
56967586	Advocacy actors	en	Unclear
2177764470	Business actors	ca	Unclear
1149833992381915138	Advocacy actors	es	For
340396286	Advocacy actors	it	For
1412056460	Business actors	it	Unclear
4210736321	Unclear	N/A	Unclear
54903471	Advocacy actors	en	Unclear
23638544	Advocacy actors	en	For
47592929	Advocacy actors	en	For
57236544	Advocacy actors	en	For
377407811	Journalistic actors	en	Unclear
14245324	Private individuals	en	Unclear
3016858651	Private individuals	en	Unclear
49760807	Business actors	en	For
15221598	Private individuals	en	For
1698752220	Journalistic actors	fr	Unclear
14588121	Business actors	en	For
200818199	Private individuals	en	Unclear
3914841495	Journalistic actors	fr	Unclear
2555553368	Private individuals	en	Unclear
2637132063	Scientific actors	en	For
897617380536442881	Advocacy actors	en	For
394543843	Private individuals	fr	For
897045456840273921	Business actors	en	Unclear
15066876	Private individuals	en	For
1433456161	Private individuals	en	For
1370626844	Political actors	en	For
776035327874043904	Scientific actors	en	For
996486209055657984	Journalistic actors	en	Unclear
2792589217	Political actors	en	For
1439691238089842696		de	
3759238042	Private individuals	en	Unclear
30644410	Journalistic actors	en	For
2372547126	Political actors	en	For
172081908	Private individuals	en	For
154497175	Business actors	en	Unclear
49716745	Advocacy actors	es	For
302039567	Political actors	en	For
4241852727	Unclear	N/A	Unclear
1620704318	Advocacy actors	en	For
18494161	Business actors	en	For
246201362	Journalistic actors	es	For
52818430	Business actors	en	Unclear
39020545	Scientific actors	en	Unclear
886773715244941314	Scientific actors	en	For
69060709	Political actors	es	For
2839591813	Advocacy actors	en	For
120108379	Advocacy actors	en	For
2625963400	Business actors	en	For
4242024634	Unclear	N/A	Unclear
1494074000007389193	Advocacy actors	en	Unclear
3911870127	Private individuals	en	Unclear
4209573016	Unclear	N/A	Unclear
139454593	Private individuals	fr	For
1014921786679529472	Journalistic actors	tr	Unclear
69058391	Private individuals	en	Unclear
736150176	Business actors	en	For
43932737	Political actors	en	Unclear
51161485	Journalistic actors	en	For
17152502	Advocacy actors	de	For
3226889942	Business actors	en	Unclear
1202474263049052160	Advocacy actors	en	For
1272890800305815554	Advocacy actors	en	For
22537480	Business actors	en	Unclear
2353202906	Advocacy actors	en	For
2989211223	Political actors	en	Unclear
281999519	Political actors	id	Unclear
491941253	Advocacy actors	id	For
24290265	Political actors	en	Unclear
1360985783499444228	Private individuals	en	Unclear
398346107	Advocacy actors	en	For
911551529605353472	Other	en	Unclear
2820262990	Business actors	en	Unclear
260771406	Business actors	de	Unclear
865651126460235776	Scientific actors	en	For
2203870008	Advocacy actors	en	Unclear
581019119	Advocacy actors	en	For
854630882958815233	Advocacy actors	de	For
2885452702	Journalistic actors	de	For
232579939	Advocacy actors	de	For
1040227145228935169	Private individuals	en	For
967522800	Advocacy actors	en	For
385357737	Business actors	en	Unclear
3043099492	Advocacy actors	en	Unclear
407874873	Private individuals	en	For
2826526470	Journalistic actors	en	Unclear
404093923	Journalistic actors	fr	Unclear
323867906	Business actors	fr	Unclear
1271852322	Journalistic actors	fr	Unclear
1283588581	Business actors	fr	Unclear
590842724	Unclear	N/A	Unclear
4010844315	Unclear	N/A	Unclear
307891015	Advocacy actors	es	For
104227735	Political actors	en	Unclear
709438323165687808	Political actors	fr	Unclear
58417540	Political actors	es	Unclear
818401857957744640	Business actors	fr	For
112694236	Journalistic actors	es	Unclear
2867213249	Advocacy actors	es	For
3222731	Unclear	es	Unclear
137253079	Journalistic actors	fr	Unclear
15692923	Advocacy actors	en	For
2554581523	Private individuals	N/A	Unclear
280553180	Political actors	es	For
146445088	Unclear	N/A	Unclear
629566265	Unclear	N/A	Unclear
2965129341	Advocacy actors	en	For
272138478	Advocacy actors	en	For
80876593	Journalistic actors	en	For
85362553	Journalistic actors	fr	Unclear
49678509	Journalistic actors	fr	Unclear
292142817	Journalistic actors	fr	For
3897922834	Business actors	en	Unclear
266536317	Journalistic actors	fr	For
2842319264	Unclear	N/A	Unclear
1412510929900670979	Unclear	N/A	Unclear
1010998194	Journalistic actors	fr	Unclear
775072755335041028	Advocacy actors	en	Unclear
105168341	Political actors	en	Unclear
2344022562	Journalistic actors	fr	Unclear
1062091207126515714	Political actors	es	For
1337420683	Unclear	N/A	Unclear
3864947368	Business actors	fr	For
181912222	Journalistic actors	en	For
2522344603	Journalistic actors	en	For
1002485143	Business actors	fr	For
2196114618	Business actors	fr	Unclear
1405801078470369286	Unclear	en	Unclear
763804368416235520	Journalistic actors	fr	For
47111336	Scientific actors	en	Unclear
2252633844	Business actors	es	For
1124022135335325696	Advocacy actors	en	For
1004339888995610624	Private individuals	en	For
248586885	Private individuals	fr	Unclear
4242819315	Unclear	N/A	Unclear
166189600	Private individuals	fr	Unclear
1060938356824162305	Journalistic actors	fr	Unclear
275708863	Advocacy actors	en	For
26207020	Advocacy actors	fr	For
4209878673	Unclear	N/A	Unclear
35683536	Political actors	en	Unclear
1401251521820516354	Advocacy actors	en	For
95949432	Journalistic actors	en	For
3954260548	Advocacy actors	en	For
69238668	Advocacy actors	it	For
1475139648	Advocacy actors	en	For
82518735	Scientific actors	es	For
85166923	Unclear	N/A	Unclear
2801803404	Business actors	en	Unclear
607544349	Private individuals	en	Unclear
3995548521	Unclear	N/A	Unclear
404175902	Business actors	fr	Unclear
4227414033	Unclear	N/A	Unclear
42185553	Scientific actors	en	Unclear
2800221800	Private individuals	so	Unclear
1271207302406823938	Political actors	en	For
4226224349	Unclear	N/A	Unclear
3912092614	Unclear	fr	Unclear
1213422855578214400	Private individuals	fr	Unclear
3937983196	Unclear	N/A	Unclear
984702584580489216	Advocacy actors	en	For
20929573	Advocacy actors	en	For
1758106824	Advocacy actors	id	Unclear
1517489832	Private individuals	fr	Unclear
4085792243	Private individuals	fr	Unclear
1531530068	Business actors	es	Unclear
4210714625	Unclear	N/A	Unclear
498344032	Advocacy actors	pl	For
246494521	Journalistic actors	es	For
1133471568	Scientific actors	en	For
217492779	Advocacy actors	es	For
328127053	Business actors	en	Unclear
3115576851	Unclear	N/A	Unclear
216032810	Scientific actors	en	For
1378191355	Scientific actors	es	For
2535581429	Political actors	fr	Unclear
183326830	Advocacy actors	es	For
765575112364068864	Unclear	N/A	Unclear
843591272	Private individuals	en	Unclear
1472134729	Private individuals	fr	For
4296271212	Business actors	en	For
1424610506	Scientific actors	en	For
786533743091560448	Business actors	fr	For
35644702	Scientific actors	en	Unclear
2976165712	Scientific actors	en	Unclear
741290539782283266	Journalistic actors	en	Unclear
949232324	Business actors	fr	For
95695246	Advocacy actors	en	For
4242848799	Unclear	N/A	Unclear
80122680	Private individuals	fr	For
4273911741	Unclear	N/A	Unclear
4210718325	Unclear	N/A	Unclear
833651311933583360	Advocacy actors	en	For
34042766	Business actors	en	Unclear
195766658	Unclear	N/A	Unclear
3246367047	Advocacy actors	fr	For
41360559	Journalistic actors	fr	Unclear
4264551802	Journalistic actors	N/A	Unclear
2785183042	Advocacy actors	en	For
20380049	Journalistic actors	en	For
976985912	Advocacy actors	en	For
88047464	Private individuals	fr	Unclear
284607814	Journalistic actors	ar	Unclear
727193384918589440	Scientific actors	en	For
2804282989	Advocacy actors	fr	Unclear
458702681	Political actors	en	For
943507308	Business actors	en	Unclear
431421278	Private individuals	en	For
780423939239645184	Other	en	Unclear
307304341	Business actors	en	Unclear
4708331511	Political actors	pl	Unclear
789755271295926272	Unclear	N/A	Unclear
1682086976	Journalistic actors	en	For
151199395	Private individuals	en	For
844487503872774145	Private individuals	en	For
309919731	Unclear	N/A	Unclear
330210469	Journalistic actors	fr	For
1198461969633808384	Business actors	en	Unclear
18800370	Business actors	en	For
1540034828	Journalistic actors	pt	Unclear
2438273430	Private individuals	en	Unclear
15088481	Advocacy actors	en	For
350879619	Unclear	N/A	Unclear
248974198	Private individuals	en	For
131273553	Political actors	es	Unclear
266200356	Political actors	fr	Unclear
822984456	Political actors	fr	Unclear
368980703	Political actors	fr	Unclear
498970290	Political actors	es	Unclear
282768438	Political actors	es	Unclear
280425258	Political actors	es	Unclear
522128259	Political actors	es	Unclear
148375390	Political actors	en	Unclear
195770718	Political actors	N/A	Unclear
142687761	Political actors	es	Unclear
193003734	Political actors	N/A	Unclear
249616596	Political actors	es	Unclear
2227924555	Political actors	pl	Unclear
953595684929921024	Political actors	pl	Unclear
509850346	Political actors	en	Unclear
2557341768	Political actors	en	Unclear
1850969846	Political actors	en	Unclear
49935212	Private individuals	en	Unclear
120129480	Journalistic actors	es	For
157070199	Private individuals	es	Unclear
46394389	Advocacy actors	de	Unclear
119521385	Advocacy actors	en	For
41403966	Private individuals	en	Unclear
68367780	Journalistic actors	fr	For
350579415	Advocacy actors	es	For
429112432	Private individuals	en	Unclear
1081253382	Private individuals	ar	Unclear
1490758371137536000	Private individuals	en	Unclear
4242792783	Unclear	N/A	Unclear
1587762771822796801	Unclear	N/A	Unclear
936642191946145793	Other	en	Unclear
155206376	Private individuals	en	For
7489012	to-do	en	Unclear
1664893472	Advocacy actors	en	For
1120297398876680194	Private individuals	es	Unclear
128334973	Business actors	en	Unclear
121824642	Advocacy actors	en	Unclear
704740631550291970	Advocacy actors	es	For
3329087261	Unclear	N/A	Unclear
40955185	Advocacy actors	en	For
59155308	Business actors	en	Unclear
832332705459224576	Journalistic actors	en	Unclear
2798447413	Political actors	es	Unclear
215667575	Private individuals	en	For
428844272	Private individuals	en	For
1465882979402661893	Journalistic actors	es	Unclear
119844526	Political actors	es	Unclear
372549368	Unclear	N/A	Unclear
2490047122	Private individuals	es	Unclear
86943315	Business actors	es	For
72013096	Political actors	en	Unclear
3290638726	Political actors	en	For
16596200	Political actors	en	For
2356648265	Advocacy actors	en	For
4143540400	Private individuals	fr	For
481412450	Private individuals	en	For
61736345	Advocacy actors	en	Unclear
259325103	Political actors	fr	Unclear
38689870	Advocacy actors	en	Unclear
15862891	Journalistic actors	en	For
898293788728274944	Scientific actors	en	For
926049255755788288	Advocacy actors	en	For
177095457	Business actors	es	For
20238626	Advocacy actors	no	For
1015178006954848257	Advocacy actors	en	For
89409319	Business actors	en	Unclear
2171088477	Private individuals	en	Unclear
753653099714129920	Political actors	en	Unclear
1978540332	Private individuals	fr	Unclear
4210111036	Unclear	N/A	Unclear
37034483	Journalistic actors	en	Unclear
3948950302	Unclear	N/A	Unclear
60908954	Political actors	en	For
2784228956	Advocacy actors	en	For
1196558509	Advocacy actors	en	For
1876367312	Advocacy actors	en	For
2737015671	Journalistic actors	en	Unclear
446879290	Journalistic actors	ar	Unclear
3534222021	Journalistic actors	en	Unclear
912745614823317504	Journalistic actors	es	Unclear
3857765567	Business actors	es	For
4226468481	Unclear	N/A	Unclear
24641306	Advocacy actors	en	For
27114901	Scientific actors	en	For
801936866	Advocacy actors	en	For
15332989	Scientific actors	en	For
845937366506389504	Private individuals	fr	Unclear
4227326283	Unclear	N/A	Unclear
4675310772	Political actors	en	For
263246364	Advocacy actors	en	For
1507692826846707715	Private individuals	en	Unclear
389548615	Private individuals	en	For
424484966	Journalistic actors	en	Unclear
4210618431	Unclear	N/A	Unclear
52142763	Advocacy actors	en	For
18114111	Advocacy actors	en	For
129804428	Political actors	en	Unclear
1565093473853767680	Private individuals	ar	Unclear
3305796659	Advocacy actors	en	For
68352710	Political actors	en	Unclear
845206152615002112	Political actors	en	Unclear
3062433286	Advocacy actors	fr	For
2348878033	Journalistic actors	es	Unclear
44145131	Journalistic actors	es	Unclear
408333245	Advocacy actors	en	For
97423617	Advocacy actors	en	For
260804780		fr	For
75554995	Journalistic actors	fr	For
1498849380	Journalistic actors	fr	Unclear
313180874	Advocacy actors	en	For
2564846623	Advocacy actors	en	For
130236559	Advocacy actors	en	For
217071937	Business actors	en	Unclear
183642459	Advocacy actors	es	For
2821274061	Advocacy actors	en	For
135204312	Advocacy actors	es	For
1462582188	Business actors	en	Unclear
114461276	Advocacy actors	ca	For
2597650831	Advocacy actors	en	For
912412599186100224	Advocacy actors	en	For
84617373	Advocacy actors	en	For
423285153	Business actors	en	Unclear
631766294	Political actors	es	Unclear
718386886172110848	Journalistic actors	it	Unclear
1366669496245571584	Political actors	ar	Unclear
28830376	Political actors	en	Unclear
188847758	Advocacy actors	en	For
107597504	Advocacy actors	en	Unclear
2582629795	Journalistic actors	es	Unclear
869131870675623937	Political actors	en	Unclear
358308840	Private individuals	pl	Unclear
121460104	Private individuals	fr	Unclear
166566887	Business actors	ar	Unclear
19087563	Advocacy actors	en	Unclear
574382866	Advocacy actors	en	For
465184873	Advocacy actors	es	For
1412154392166420488	Business actors	en	Unclear
2992138403	Political actors	es	Unclear
2992139217	Political actors	fr	Unclear
240447091	Political actors	es	Unclear
240390424	Political actors	fr	Unclear
1269943150606508032	Political actors	fr	Unclear
67690947	Political actors	fr	Unclear
2222178930	Journalistic actors	en	Unclear
2783708485	Private individuals	en	Against
42358396	Private individuals	fi	Unclear
180748385	Advocacy actors	en	Unclear
1098150384554651648	Political actors	es	Unclear
2722148671	Political actors	en	Unclear
3329706867	Political actors	es	Unclear
3329832694	Political actors	fr	Unclear
258856294	Advocacy actors	es	For
268429621	Advocacy actors	en	For
3307267886	Advocacy actors	en	For
841628720137981956	Advocacy actors	en	For
2410531753	Advocacy actors	en	For
916303836020649984	Private individuals	en	For
15480982	Advocacy actors	fr	For
723707190532411393	Advocacy actors	en	Unclear
460860631	Advocacy actors	es	For
11695472	Advocacy actors	en	For
1116059487578853376	Political actors	en	Unclear
52119056	Private individuals	en	For
14250027	Private individuals	en	Unclear
1542047438	Advocacy actors	en	For
498700046	Advocacy actors	en	For
73220515	Business actors	es	For
107405774	Business actors	es	For
1056976567644143616	Advocacy actors	es	For
1949048196	Advocacy actors	en	Unclear
71016845	Political actors	fr	Unclear
3910893854	Journalistic actors	en	For
122263336	Other	es	Unclear
922576411424108544	Advocacy actors	fr	Unclear
2540683806	Business actors	en	Unclear
229114172	Private individuals	en	For
2850894079	Advocacy actors	en	For
4264392573	Unclear	N/A	Unclear
214842351	Political actors	en	For
17006804	Journalistic actors	en	For
4227348069	Unclear	N/A	Unclear
825007268	Journalistic actors	pl	For
986956174301032449	Journalistic actors	en	For
392736698	Advocacy actors	en	For
897486768	Private individuals	fr	Unclear
1397879689977516033		en	Unclear
2886909616	Advocacy actors	en	Unclear
1318044298093432832	Business actors	en	For
153515520	Advocacy actors	en	For
1337876484564766720	Private individuals	es	Unclear
741634147849011200	Journalistic actors	en	For
1443629296237486115	Advocacy actors	en	For
72309286	Business actors	en	Unclear
2608740770	Private individuals	en	Unclear
76591376	Political actors	en	Unclear
3117916985	Advocacy actors	en	For
12729672	Advocacy actors	en	For
2858436910	Private individuals	en	Unclear
1054706622642249728	Journalistic actors	en	For
4332430936	Private individuals	en	Unclear
4209930574	Unclear	N/A	Unclear
4190266593	Business actors	en	Unclear
237519969	Private individuals	en	For
82355306	Advocacy actors	en	For
3336337786	Advocacy actors	en	Unclear
976044845470011393	Other	en	Unclear
212041664	Private individuals	en	Unclear
1403785571655426049	Advocacy actors	en	For
234819453	Advocacy actors	en	For
1543237478	Business actors	en	Unclear
793673772	Advocacy actors	es	For
587818063	Political actors	en	Unclear
352449761	Political actors	es	Unclear
574865787	Political actors	es	Unclear
4141468840	Unclear	N/A	Unclear
2722185202	Political actors	es	Unclear
3146625050	Advocacy actors	en	For
254060179	Political actors	en	For
2374111219	Advocacy actors	en	Unclear
179931221	Other	en	Unclear
2389161066	Other	de	Unclear
3081540778	Business actors	pl	Unclear
2151392973	Unclear	N/A	Unclear
2313604128	Private individuals	fr	Unclear
4227188435	Unclear	N/A	Unclear
3171239508	Advocacy actors	en	For
1201095989249167360	Advocacy actors	en	For
1027202525739540481	Political actors	en	For
2207156610	Advocacy actors	en	For
58766805	Political actors	en	For
123174284	Private individuals	en	Unclear
3881648534	Private individuals	nl	Unclear
1365460075	Advocacy actors	en	For
710143031744335872	Business actors	de	For
3995707311	Political actors	es	For
1853773886	Political actors	es	Unclear
959993766	Political actors	fr	Unclear
46671396	Advocacy actors	en	For
2836961234	Business actors	en	Unclear
934009284	Unclear	it	Unclear
847069094264410112	Advocacy actors	en	For
878828414	Scientific actors	en	Unclear
40056514	Political actors	fr	Unclear
1233756194	Advocacy actors	sv	For
4273745955	Unclear	N/A	Unclear
2993007933	Advocacy actors	en	For
1476593672	Private individuals	en	For
1449732254	Journalistic actors	fr	Unclear
14181214	Journalistic actors	en	Unclear
113791413	Business actors	fr	Unclear
30697822	Journalistic actors	es	Unclear
110685556	Journalistic actors	en	Unclear
31414330	Journalistic actors	es	Unclear
126255908	Journalistic actors	pl	Unclear
940933520855392257	Journalistic actors	es	Unclear
210501383	Journalistic actors	it	Unclear
1138157633062473729	Advocacy actors	en	For
14786217	Advocacy actors	en	For
117708713	Private individuals	en	For
1438897638561177605	Unclear	N/A	Unclear
1005422441492082688	Political actors	en	Unclear
330826792	Journalistic actors	en	Unclear
2594262687	Other	en	Unclear
960553059339259904	Unclear	N/A	Unclear
301336546	Advocacy actors	en	Unclear
3018960919	Journalistic actors	en	Unclear
3252421048	Political actors	es	Unclear
1601822730	Journalistic actors	ca	Unclear
3340170124	Political actors	es	For
163906947	Advocacy actors	en	For
1172482290385117184	Advocacy actors	en	For
40848062	Political actors	fr	Unclear
588144925	Political actors	en	For
4210691261	Unclear	N/A	Unclear
3168316102	Business actors	en	Unclear
385570110	Business actors	en	For
380202490	Advocacy actors	en	For
829651621529403392	Advocacy actors	en	For
915567255316058112	Scientific actors	en	Unclear
2573589540	Journalistic actors	fr	Unclear
398782760	Journalistic actors	es	Unclear
1652541	Journalistic actors	en	Unclear
15954704	Journalistic actors	en	Unclear
201867844	Journalistic actors	es	Unclear
249584626	Advocacy actors	en	For
377463407	Advocacy actors	en	For
4242379762	Unclear	N/A	Unclear
481875592	Advocacy actors	es	For
3996658821	Advocacy actors	de	For
27911608	Business actors	en	Unclear
1177314884138229760	Business actors	en	Unclear
3063529148	Journalistic actors	en	For
2317168669	Unclear	en	For
115902452	Advocacy actors	en	For
38418472	Advocacy actors	en	For
50113171	Private individuals	en	For
120073332	Private individuals	es	For
117634822	Private individuals	es	Unclear
224741510	Journalistic actors	es	For
813816978	Private individuals	en	For
15268888	Private individuals	en	For
15300222	Scientific actors	en	For
308502351	Advocacy actors	en	For
2855009189	Journalistic actors	es	Unclear
39321874	Journalistic actors	es	Unclear
1444650845203800083	Advocacy actors	en	For
1146839168460492801	Advocacy actors	en	Unclear
394292288	Private individuals	en	Unclear
1118881013273436160	Journalistic actors	en	Unclear
2785759100	Business actors	en	For
74725264	Scientific actors	en	For
576283039	Private individuals	fr	For
821029165	Business actors	es	Unclear
69232915	Private individuals	en	For
721408764268670977	Business actors	en	Unclear
3403177689	Private individuals	fr	For
155281285	Private individuals	en	Unclear
1150725536	Political actors	en	Unclear
1478140451093897217	Unclear	N/A	Unclear
771484160653266944	Journalistic actors	en	Unclear
2595956492	Business actors	fr	For
14995404	Advocacy actors	en	For
2380746024	Advocacy actors	es	For
311980389	Journalistic actors	en	For
215358430	Unclear	N/A	Unclear
56379371	Private individuals	en	For
3908996909	Private individuals	en	For
1333830140917288960	Private individuals	en	For
114603327	Advocacy actors	es	Unclear
295022654	Private individuals	en	Unclear
1584388433560190977	Unclear	ar	Unclear
1011036600	Advocacy actors	es	For
1092273055	Business actors	de	Unclear
328984718	Business actors	en	Unclear
2765959278	Advocacy actors	en	For
418618795	Business actors	en	Unclear
176749652	Political actors	en	Unclear
1404156642292289536	Bots	en	For
806977457567846400	Scientific actors	en	For
29961662	Political actors	en	Unclear
19239595	Business actors	en	Unclear
105093751	Advocacy actors	en	For
721394198147121152	Advocacy actors	en	For
1039985036	Journalistic actors	en	Unclear
972825800650215424	Political actors	en	For
2912554347	Private individuals	en	For
54555881	Scientific actors	en	For
4815506159	Advocacy actors	en	Unclear
486513963	Advocacy actors	es	Unclear
217142397	Political actors	es	Unclear
69032746	Political actors	fr	Unclear
221041703	Advocacy actors	en	For
63135089	Advocacy actors	en	For
3222152657	Private individuals	es	Unclear
72301696	Political actors	es	Unclear
418660662	Political actors	es	Unclear
2902545046	Political actors	es	Unclear
2749136474	Political actors	es	Unclear
29655554	Journalistic actors	en	For
988170011436027905	Advocacy actors	en	For
3382476081	Advocacy actors	es	For
293715722	Advocacy actors	en	For
1088478896184545280	Private individuals	es	Unclear
795262295790059521	Advocacy actors	en	For
794561053543829505	Unclear	fr	Unclear
2469304064	Advocacy actors	en	Unclear
757277563878305793	Private individuals	en	Unclear
390087456	Advocacy actors	es	Unclear
1215075229212520448	Private individuals	en	Unclear
1116070844588077057	Private individuals	fi	Unclear
559727682	Scientific actors	en	Unclear
42616109	Scientific actors	en	Unclear
627358296	Private individuals	en	Unclear
526871737	Journalistic actors	en	Unclear
614309485	Journalistic actors	fr	Unclear
16204520	Private individuals	en	Unclear
120096860	Advocacy actors	en	Unclear
4296150328	Advocacy actors	en	For
7587032	Journalistic actors	en	Unclear
1298594508444250112	Bots	en	Unclear
581885870	Advocacy actors	en	For
102634281	Advocacy actors	en	For
478448085	Advocacy actors	fr	For
1197975109912449026	Private individuals	en	Unclear
52129399	Advocacy actors	en	For
2603080159	Unclear	N/A	Unclear
500629760	Advocacy actors	en	For
1287795907468165120	Political actors	de	For
1532784048233402369	Advocacy actors	en	For
1068519909393481732	Advocacy actors	en	For
127924639	Political actors	en	Unclear
95275969	Business actors	en	For
2775155944	Political actors	en	Unclear
282866169	Political actors	en	Unclear
1269754130	Business actors	en	For
487430439	Business actors	en	For
121156279	Advocacy actors	en	For
247262571	Political actors	de	Unclear
95929842	Private individuals	en	Unclear
18620370	Private individuals	en	Unclear
2288722206	Business actors	en	Unclear
2891115389	Private individuals	en	Unclear
1018275578	Business actors	en	For
21150492	Private individuals	en	Against
344264745	Private individuals	en	Unclear
2305007372	Advocacy actors	de	For
2348668790	Advocacy actors	en	For
52745772	Business actors	en	For
1072436633423749120	Advocacy actors	en	For
373149557	Private individuals	en	Unclear
2415709159	Journalistic actors	en	For
3584633117	Advocacy actors	en	For
314125926	Advocacy actors	en	For
3965031134	Advocacy actors	en	For
1166444989791948800	Business actors	en	For
17031634	Business actors	en	For
4894998057	Advocacy actors	en	For
104157210	Advocacy actors	en	Unclear
75742264	Private individuals	en	For
109275078	Journalistic actors	en	For
2989893645	Private individuals	en	Unclear
1011983399454674944	Advocacy actors	pl	For
3955066875	Unclear	N/A	Unclear
792101335944589313	Advocacy actors	fr	Unclear
117675584	Private individuals	nl	Unclear
343434163	Journalistic actors	en	For
247637778	Private individuals	fr	For
186303421	Unclear	N/A	Unclear
3269430409	Journalistic actors	en	Unclear
3929825535	Unclear	N/A	Unclear
14683800	Advocacy actors	en	For
3225196095	Unclear	N/A	Unclear
709137760230252544	Business actors	es	Unclear
3129768538	Journalistic actors	es	Unclear
296005306	Journalistic actors	en	Unclear
45013575	Journalistic actors	es	Unclear
84024445	Journalistic actors	fr	Unclear
773656300836286464	Private individuals	en	For
125592597	Scientific actors	en	For
32469366	Advocacy actors	da	Unclear
1365269072598941698	Private individuals	en	Unclear
160734060	Political actors	el	For
28415778	Unclear	en	Unclear
809012353	Business actors	en	Unclear
388839971	Business actors	en	Unclear
4502488588	Advocacy actors	en	Unclear
1375452127246626818	Advocacy actors	en	Unclear
1230137739984736256	Advocacy actors	en	For
30848629	Political actors	en	Unclear
1241258612	Journalistic actors	en	Unclear
16627931	Business actors	en	Unclear
1014522329114783745	Advocacy actors	en	For
22667478	Business actors	en	Unclear
59460397	Journalistic actors	en	For
2587748954	Journalistic actors	en	For
13120642	Journalistic actors	en	Unclear
1585550371753283584	Political actors	en	For
17850268	Advocacy actors	en	Unclear
1917731	Journalistic actors	en	Unclear
1354750295197294592	Business actors	en	For
20583993	Journalistic actors	en	Unclear
266628437	Unclear	en	Unclear
17596622	Advocacy actors	en	For
16308922	Journalistic actors	en	Unclear
1875678475	Advocacy actors	en	Unclear
271846476	Advocacy actors	en	Unclear
1585757927868346368	Advocacy actors	en	For
153813437	Business actors	en	Unclear
4782762742	Scientific actors	en	For
906039584663904257	Business actors	en	Unclear
119049214	Advocacy actors	en	For
20583090	Journalistic actors	en	Unclear
2962665473	Journalistic actors	en	Unclear
78786944	Journalistic actors	en	For
3127029065	Scientific actors	en	For
450481607	Private individuals	fr	For
556954777	Journalistic actors	en	Unclear
4316815947	Advocacy actors	en	Unclear
257516506	Scientific actors	en	Unclear
20941708	Private individuals	en	For
4242170841	Unclear	N/A	Unclear
3558739527	Private individuals	en	For
295713773	Advocacy actors	en	Unclear
2551981338	Advocacy actors	en	For
2465496145	Private individuals	en	For
2343117278	Advocacy actors	en	For
1160119192663646208	Journalistic actors	en	Unclear
791282068516958210	Advocacy actors	en	Unclear
786625296	Journalistic actors	fr	Unclear
1110193326739914753	Private individuals	ca	For
1510872259648315397	Private individuals	sw	Unclear
4075760297	Advocacy actors	en	For
3794094749	Business actors	en	Unclear
431640883	Advocacy actors	es	For
425507248	Private individuals	en	Unclear
869507689	Advocacy actors	es	For
935586888316014594	Business actors	en	Unclear
1359880563688165378	Advocacy actors	en	Unclear
962288264	Business actors	en	Unclear
607698782	Journalistic actors	en	Unclear
3600071597	Political actors	fr	Unclear
408194759	Unclear	en	Unclear
2779080692	Private individuals	en	For
2480108282	Scientific actors	en	Unclear
1005028594136092673	Political actors	es	Unclear
1061604390828617728	Advocacy actors	en	For
887378793958174728	Other	N/A	For
2790572710	Bots	en	Unclear
18290719	Business actors	en	For
25267789	Advocacy actors	es	For
740182067250597888	Unclear	N/A	Unclear
1285156706415149056	Unclear	N/A	Unclear
1136578029923082240	Advocacy actors	en	Unclear
1127143755499225088	Advocacy actors	en	Unclear
56692178	Business actors	en	Unclear
105103721	Journalistic actors	fr	Unclear
889180130	Political actors	en	For
468731306	Political actors	en	Unclear
968813262	Advocacy actors	en	Unclear
491382269	Political actors	fr	Unclear
26758197	Scientific actors	en	Unclear
86379470	Advocacy actors	es	Unclear
149341639	Scientific actors	en	Unclear
172285255	Journalistic actors	en	Unclear
46394470	Political actors	en	Unclear
166144866	Political actors	cy	Unclear
2999447739	Political actors	en	Unclear
1092343556	Political actors	en	Unclear
219756032	Political actors	en	Unclear
52505094	Political actors	en	Unclear
1091986813	Political actors	de	Unclear
202553123	Political actors	en	Unclear
205171299	Political actors	en	Unclear
106355048	Political actors	en	Unclear
85772756	Political actors	en	Unclear
16883794	Political actors	en	Unclear
361134431	Political actors	en	Unclear
1278401163373707267	Political actors	en	Unclear
732141019114930176	Scientific actors	en	Unclear
48062303	Advocacy actors	en	For
4171408714	Advocacy actors	en	Unclear
71267215	Political actors	en	Unclear
733202580927619072	Private individuals	en	For
383359690	Advocacy actors	pt	For
40001204	Political actors	en	For
3387098549	Political actors	en	For
17463923	Advocacy actors	en	For
3014222399	Political actors	en	For
81918362	Political actors	en	Unclear
260928758	Political actors	en	Unclear
20596281	Political actors	en	For
38146999	Political actors	en	For
867351037	Political actors	en	Unclear
164263382	Political actors	en	Unclear
517661405	Advocacy actors	en	For
38704343	Political actors	en	For
930520257344753664	Political actors	N/A	Unclear
74447139	Political actors	en	Unclear
104277809	Journalistic actors	en	Unclear
1304078274428104705	Political actors	en	For
17969699	Political actors	en	For
22972898	Political actors	en	For
1693288640	Political actors	en	For
276900575	Political actors	en	For
3387103227	Political actors	de	For
95315665	Political actors	en	For
216356915	Political actors	en	For
742622898339221504	Political actors	en	For
1131490810770403329	Journalistic actors	en	For
92263845	Political actors	en	For
791812078730223616	Political actors	en	For
2394400310	Political actors	en	For
1039842816443248642	Political actors	en	For
971765917	Political actors	en	For
295032345	Political actors	en	For
3813552503	Political actors	en	For
845553265	Advocacy actors	en	For
93835044	Advocacy actors	en	For
326214407	Political actors	en	For
20646711	Political actors	en	For
2976338879	Political actors	en	For
614991310	Political actors	en	Unclear
1196306925975195648	Unclear	N/A	Unclear
771369697770147840	Political actors	fr	Unclear
33933259	Political actors	en	Unclear
16145473	Political actors	en	Unclear
453975069	Business actors	es	For
317042569	Political actors	en	Unclear
34248609	Political actors	en	Unclear
271365891	Political actors	en	For
910755273723322368	Political actors	en	Unclear
14159148	Political actors	en	For
53347655	Political actors	en	Unclear
1238960191	Political actors	en	Unclear
39511166	Political actors	en	Unclear
2590358845	Advocacy actors	en	For
63072063	Scientific actors	en	Unclear
204698478	Political actors	en	Unclear
105328660	Political actors	en	Unclear
77445267	Political actors	en	Unclear
4019218642	Advocacy actors	en	For
264344384	Political actors	pt	Unclear
202270507	Advocacy actors	en	For
22784404	Journalistic actors	en	Unclear
1067338101524258818	Scientific actors	en	For
1117187256060530688	Advocacy actors	en	Unclear
1000068751809699840	Advocacy actors	en	For
1060592071	Advocacy actors	fr	For
15105310	Advocacy actors	de	For
95687779	Business actors	en	For
398544200	Business actors	es	For
4226488762	Unclear	N/A	Unclear
70574146	Private individuals	en	For
4209966466	Unclear	N/A	Unclear
1192442587	Advocacy actors	it	Unclear
72506570	Advocacy actors	en	For
500156611	Private individuals	en	Unclear
886249835375894528	Advocacy actors	en	For
1444223260862947328	Unclear	ar	Unclear
338279064	Private individuals	fr	For
88935290	Political actors	en	Unclear
3093680776	Advocacy actors	en	Unclear
3817605220	Business actors	en	Unclear
317139568	Business actors	en	Unclear
233606438	Business actors	en	Unclear
21302574	Political actors	en	For
20460766	Advocacy actors	en	For
403296630	Journalistic actors	fr	Unclear
800285348261556224	Business actors	en	For
2469606308	Business actors	en	For
88933467	Business actors	en	For
117142908	Private individuals	en	Unclear
1246951472	Advocacy actors	en	For
52354544	Advocacy actors	en	For
2386979696	Advocacy actors	fr	For
22977061	Advocacy actors	en	For
221329002	Political actors	en	For
876286676	Private individuals	de	Against
77773975	Business actors	en	For
827296225955180544	Business actors	en	Unclear
44083464	Advocacy actors	en	For
575586179	Advocacy actors	en	Unclear
159596430	Advocacy actors	en	Unclear
1436152004531965959	Unclear	N/A	Unclear
1176106257440288769	Advocacy actors	en	For
466440245	Advocacy actors	en	Unclear
52199699	Advocacy actors	en	For
711760467383877632	Journalistic actors	en	Unclear
1874916482	Political actors	de	Unclear
1433607055	Unclear	N/A	Unclear
210005449	Journalistic actors	en	Unclear
590044851	Business actors	en	Unclear
31226675	Private individuals	de	Unclear
2902808548	Advocacy actors	en	For
802561943487836164	Advocacy actors	en	For
65339733	Scientific actors	en	For
27860681	Business actors	en	Unclear
135187648	Business actors	en	Unclear
190162349	Business actors	en	Unclear
16544818	Advocacy actors	en	Unclear
17523060	Advocacy actors	en	Unclear
3308367485	Business actors	en	Unclear
233978001	Advocacy actors	en	Unclear
2326228160	Business actors	en	Unclear
4912519991	Business actors	en	Unclear
20518867	Advocacy actors	en	Unclear
377026626	Business actors	en	Unclear
2421039782	Business actors	en	Unclear
198573449	Business actors	en	Unclear
100189549	Advocacy actors	en	For
5120691	Advocacy actors	en	Unclear
27830610	Advocacy actors	en	Unclear
147129584	Advocacy actors	en	For
1244194359811039234	Advocacy actors	en	Unclear
113062227	Advocacy actors	en	Unclear
74173892	Advocacy actors	en	Unclear
14559745	Advocacy actors	en	For
466406894	Advocacy actors	en	For
156669931	Advocacy actors	en	For
901799294184939520	Advocacy actors	en	For
1452918261406896130	Advocacy actors	en	For
202313343	Advocacy actors	en	For
3428906843	Advocacy actors	en	For
25108596	Advocacy actors	en	For
18505952	Advocacy actors	en	For
79162432	Advocacy actors	de	Unclear
3879904791	Advocacy actors	en	For
193355234	Advocacy actors	es	For
1707421520	Advocacy actors	en	For
518918764	Advocacy actors	es	For
89153759	Advocacy actors	es	For
38504139	Advocacy actors	en	For
19731386	Advocacy actors	fr	For
4236147694	Advocacy actors	es	For
87227411	Advocacy actors	fr	For
111586052	Advocacy actors	pl	For
461907696	Advocacy actors	en	For
88577355	Advocacy actors	ja	For
1019974187975430144	Advocacy actors	en	For
736867424545316864	Private individuals	en	For
82703417	Private individuals	tr	For
719597362327527424	Private individuals	tr	Unclear
990566363088457728	Political actors	en	Unclear
29584150	Advocacy actors	en	For
2287648781	Advocacy actors	en	For
930735724634296320	Private individuals	N/A	Unclear
1305495664005132288	Advocacy actors	en	For
828970538659880962	Advocacy actors	en	For
826369877929709568	Advocacy actors	en	For
96335206	Advocacy actors	en	For
4242367515	Political actors	N/A	Unclear
3413704335	Advocacy actors	en	For
55558163	Advocacy actors	en	For
2365497828	Advocacy actors	es	For
621925745	Advocacy actors	en	For
824380421295210497	Advocacy actors	en	Unclear
2367177234	Political actors	ru	Against
807456128489717760	Political actors	N/A	Against
4044235875	Political actors	N/A	Against
254120931	Political actors	ru	Against
2611249484	Political actors	ru	Against
1380925475883790343	Unclear	ar	Unclear
1448278884345077771	Journalistic actors	ar	Unclear
1375447564200288258	Business actors	ar	Unclear
245949706	Journalistic actors	ar	Unclear
460210929	Political actors	ar	Unclear
288483638	Political actors	ar	Unclear
262813216	Political actors	ar	Unclear
249409411	Political actors	ar	Unclear
1423967963196035075	Unclear	ar	Unclear
615314107	Journalistic actors	ar	Unclear
824215967198773248	Journalistic actors	ar	For
1217052988377849856	Journalistic actors	ar	Unclear
36636494	Journalistic actors	ar	Unclear
301120393	Journalistic actors	ar	Unclear
1244025374142607361	Private individuals	ar	Unclear
929320292320792576	Journalistic actors	ar	Unclear
584755259	Political actors	ar	Unclear
2860544847	Journalistic actors	ar	Unclear
526343521	Journalistic actors	ar	Unclear
2269124106	Journalistic actors	ar	Unclear
819852722690203648	Unclear	ar	Unclear
1176280797516619776	Unclear	ar	Unclear
549912548	Journalistic actors	ar	Unclear
35495232	Private individuals	en	For
760890588023681024	Private individuals	ar	Unclear
216289357	Journalistic actors	N/A	Unclear
119756265	Journalistic actors	ar	Unclear
482003862	Advocacy actors	ar	Unclear
794922212054749184	Journalistic actors	ar	Unclear
1528829625476038657	Unclear	ar	Unclear
418443466	Private individuals	ar	Unclear
562709681	Journalistic actors	ar	Unclear
1250053163295674371	Unclear	ur	Unclear
1321331874	Advocacy actors	ar	Unclear
442854414	Journalistic actors	ar	Unclear
624686972	Journalistic actors	ar	Unclear
868056089136377856	Advocacy actors	ar	Unclear
1086648448198328320	Journalistic actors	ar	Unclear
2764051885	Journalistic actors	ar	Unclear
777097908374110208	Journalistic actors	ar	Unclear
195652796	Political actors	ar	Unclear
1253279134194819075	Advocacy actors	ml	Unclear
285504538	Private individuals	ta	Unclear
1453626343887880193	Private individuals	ar	Unclear
998418723181510656	Advocacy actors	ja	For
210651550	Private individuals	N/A	Unclear
1586015807171047426	Political actors	ja	Unclear
765420034034274306	Advocacy actors	ja	For
810768404810498048	Advocacy actors	ja	For
420704981	Political actors	en	Unclear
265793847	Private individuals	en	For
2540766846	Private individuals	ja	Unclear
2939169332	Private individuals	no	Unclear
198831061	Private individuals	N/A	Unclear
3028247758	Unclear	en	Unclear
710844287341170688	Unclear	N/A	Unclear
